<?xml version="1.0" encoding="UTF-8" standalone="no"?>
<project adv-config="true">
  <add-on id="spring.web"/>
  <container path="com.genuitec.runtime.library/com.genuitec.struts_2.1">
    <disable name="antlr-2.7.2.jar" type="jar"/>
    <disable name="aopalliance-1.0.jar" type="jar"/>
    <disable name="commons-fileupload-1.2.1.jar" type="jar"/>
    <disable name="commons-lang-2.3.jar" type="jar"/>
    <disable name="commons-logging-1.0.4.jar" type="jar"/>
    <disable name="javassist-3.7.ga.jar" type="jar"/>
  </container>
</project>
