<?xml version="1.0" encoding="UTF-8"?>
<beans
	xmlns="http://www.springframework.org/schema/beans"
	xmlns:xsi="http://www.w3.org/2001/XMLSchema-instance"
	xmlns:p="http://www.springframework.org/schema/p"
	xsi:schemaLocation="http://www.springframework.org/schema/beans http://www.springframework.org/schema/beans/spring-beans-4.1.xsd http://www.springframework.org/schema/tx http://www.springframework.org/schema/tx/spring-tx.xsd" xmlns:tx="http://www.springframework.org/schema/tx">


	<bean id="sessionFactory"
		class="org.springframework.orm.hibernate4.LocalSessionFactoryBean">
		<property name="configLocation"
			value="classpath:hibernate.cfg.xml">
		</property>
	</bean>
	
	<bean id="employeeAction" class="action.EmployeeAction">
		<property name="iemploy" ref="iemploy"></property>
		<property name="idepart" ref="idepart"></property>
	</bean>
	<bean id="departmentAction" class="action.DepartmentAction">
		<property name="iemploy" ref="iemploy"></property>
		<property name="idepart" ref="idepart"></property>
	</bean>
	<bean id="countAction" class="action.countAction">
		<property name="icount" ref="icount"></property>
		<property name="iemploy" ref="iemploy"></property>
	</bean>
	<bean id="idepart" class="dao.DepartmentDao">
		<property name="sessionFactory" ref="sessionFactory"></property>
	</bean>
	<bean id="iemploy" class="dao.employeeDao">
		<property name="sessionFactory" ref="sessionFactory"></property>
	</bean>
	<bean id="icount" class="dao.CountDao">
		
	</bean>
	
	
	<bean id="transactionManager"
		class="org.springframework.orm.hibernate4.HibernateTransactionManager">
		<property name="sessionFactory" ref="sessionFactory" />
	</bean>
	<tx:annotation-driven transaction-manager="transactionManager" /></beans>