<?xml version="1.0" encoding="UTF-8" ?>
<!DOCTYPE struts PUBLIC "-//Apache Software Foundation//DTD Struts Configuration 2.1//EN" "http://struts.apache.org/dtds/struts-2.1.dtd">
<struts>
	<package name="keshe" namespace="/" extends="struts-default">
		<action name="employee_*" class="action.EmployeeAction" method="{1}">
			<result name="loginSuccess">/welcome.jsp</result>
			<result name="loginFail">/login.jsp</result>
			<result name="findAllEmployeeSuccess">/employee.jsp</result>
			<result name="findByIdPage">/findByIdAsEmployee.jsp</result>
			<result name="findByIdFail">/findByIdAsEmployee.jsp</result>
			<result name="findByIdSuccess">/idShowEmploy.jsp</result>
			<result name="showAllEmployeeSuccess">/showallEmployee.jsp</result>
			<result name="editSuccess">/edit.jsp</result>
			<result name="addSuccess">/addEmployee.jsp</result>
			<result name="saveFail">/addEmployee.jsp</result>
			<result name="updatePSuccess">/login.jsp</result>
			<result name="delSuccess" type="redirectAction">employee_showAll.action</result>
			<result name="updateSuccess" type="redirectAction">employee_showAll.action</result>
			<result name="saveSuccess" type="redirectAction">employee_showAll.action</result>
		</action>
		<action name="department_*" class="action.DepartmentAction" method="{1}">
			<result name="findAllDepartmentSuccess">/department.jsp</result>
			<result name="addD">/addDepartment.jsp</result>
			<result name="saveDFail">/addDepartment.jsp</result>
			<result name="addfail">/quanxian.jsp</result>
			<result name="editDpageFail">/quanxian.jsp</result>
			<result name="editDpage">/editDepart.jsp</result>
			<result name="showAll">/editDepart.jsp</result>
			<result name="updatesuccess">/editD.jsp</result>
			<result name="saveDSuccess" type="redirectAction">department_show.action</result>
			<result name="delsuccess" type="redirectAction">department_showall.action</result>
			<result name="updatesavesuccess" type="redirectAction">department_showall.action</result>
		</action>
		<action name="count_*" class="action.countAction" method="{1}">
			<result name="CountSuccess">/count.jsp</result>
<!-- 			<result name="CountDSuccess">/countDepart.jsp</result>
 -->			<result name="moneySuccess">/pay.jsp</result>
			<result name="countMoneyFail">/quanxian.jsp</result>
		</action>
	</package>
</struts>    
