<?xml version="1.0" encoding="utf-8"?>
<!DOCTYPE hibernate-mapping PUBLIC "-//Hibernate/Hibernate Mapping DTD 3.0//EN"
"http://www.hibernate.org/dtd/hibernate-mapping-3.0.dtd">
<!-- 
    Mapping file autogenerated by MyEclipse Persistence Tools
-->
<hibernate-mapping>
    <class name="po.Department" table="department">
        <id name="did" column="did">
            <generator class="assigned" />
        </id>
        <property name="dname" column="dname"></property>
        <property name="ddesc" column="ddesc"></property>
        <set name="employees" cascade="delete" inverse="true">
			<key column="dno"></key>
			<one-to-many class="po.Employee"/>
		</set>
    </class>
    
</hibernate-mapping>
