<?xml version="1.0" encoding="utf-8"?>
<!DOCTYPE hibernate-mapping PUBLIC "-//Hibernate/Hibernate Mapping DTD 3.0//EN"
"http://www.hibernate.org/dtd/hibernate-mapping-3.0.dtd">
<!-- 
    Mapping file autogenerated by MyEclipse Persistence Tools
-->
<hibernate-mapping>
    <class name="po.Employee" table="employee">
        <id name="id" column="id" >
            <generator class="assigned" />
        </id>
        <many-to-one name="department" class="po.Department" column="dno" >
        </many-to-one>
        <property name="name" column="name"></property>
        <property name="sex" column="sex"></property>
        <property name="joinDate" column="joinDate"></property>
        <property name="type" column="type"></property>
        <property name="password" column="password"></property>
    </class>
</hibernate-mapping>
