<?xml version="1.0" encoding="utf-8"?>
<!DOCTYPE hibernate-mapping PUBLIC "-//Hibernate/Hibernate Mapping DTD 3.0//EN"
"http://www.hibernate.org/dtd/hibernate-mapping-3.0.dtd">
<!-- 
    Mapping file autogenerated by MyEclipse Persistence Tools
-->
<hibernate-mapping>
    <class name="po.Salary" table="salary" >
        <id name="id" column="id">
            <generator class="assigned" />
        </id>
        <one-to-one name="employee" class="po.Employee" ></one-to-one>
        <property name="days" column="days"></property>
        <property name="pay" column="pay" ></property>
    </class>
</hibernate-mapping>
